Draw, 
1.75644e-006, 
3.22014e-006, 
2.04918e-006, 
1.75644e-006, 
1.4637e-006, 
1.4637e-006, 
1.75644e-006, 
1.4637e-006, 
1.75644e-006, 
1.4637e-006, 
1.75644e-006, 
1.4637e-006, 
1.75644e-006, 
1.4637e-006, 
1.75644e-006, 
2.04918e-006, 
2.34192e-006, 
1.4637e-006, 
1.75644e-006, 
1.75644e-006, 
1.75644e-006, 
1.75644e-006, 
1.75644e-006, 
1.75644e-006, 
1.4637e-006, 
1.4637e-006, 
1.4637e-006, 
1.75644e-006, 
1.75644e-006, 
1.75644e-006, 
1.4637e-006, 
1.75644e-006, 
2.04918e-006, 
2.04918e-006, 
1.4637e-006, 
2.34192e-006, 
2.34192e-006, 
1.4637e-006, 
1.4637e-006, 
1.4637e-006, 
1.4637e-006, 
1.75644e-006, 
1.75644e-006, 
2.04918e-006, 


